;Followers;Fans;Following;Not Following
0;aayumaan;aayumaan;regine_nrv;innopolis
1;gisco_twahirwa;gisco_twahirwa;julioreis22;innopolisu
2;07.88281428;07.88281428;florent_250;akhunovair
3;gadihategeka;gadihategeka;gitarefreddy;innopolismedia
4;mikekarangwa;mikekarangwa;kananua_lynda_gentille;
5;noelnkuru;noelnkuru;kotenok678;
6;the_empire250;the_empire250;gitarenshimiye;
7;mufashaemmy;mufashaemmy;udeogratias;
8;shemawolf;shemawolf;gitarekarangwa;
9;mallikarjunapernapati;mallikarjunapernapati;innopolis;
10;inezayimana;inezayimana;ms.overparticular;
11;kwizerancy;kwizerancy;taj_ad_din;
12;safari.augustin;safari.augustin;protskoekaterina;
13;uweradevo;uweradevo;dilyara.akhsanova;
14;mr.bans_al;mr.bans_al;tkariclook;
15;veronika_torvald282;veronika_torvald282;matabishimelina;
16;aline_enillah;crazyweapon11;fabulouss23;
17;crazyweapon11;lazer.gravirovka_kzn;leisankin1;
18;lazer.gravirovka_kzn;nkabayiza;yuriy.dyuster;
19;nkabayiza;inkindifils;spryffee;
20;inkindifils;cyubahirokevin;innopolismedia;
21;cyubahirokevin;abayisenga_bo2;innopolisu;
22;abayisenga_bo2;jeanpaulmugisha;kabeluc;
23;jeanpaulmugisha;domstolovaya;aline_enillah;
24;domstolovaya;bonesphore;caryn_ingabe;
25;bonesphore;lunfidele;shematkf;
26;lunfidele;jasmin_nails7;kan__paccy__;
27;jasmin_nails7;gaspardus_consolateur;julienzayn;
28;gaspardus_consolateur;iraguhaben_kanyarurembo;vanishmax;
29;iraguhaben_kanyarurembo;ngogaoli;clovis_dengo;
30;ngogaoli;rachit3_16;anas.iskhakov;
31;rachit3_16;tez.m.bmz;swatime_gha;
32;tez.m.bmz;bulat__gab;garaev__ruslan;
33;bulat__gab;ankeshmishra;akhunovair;
34;ankeshmishra;mom2020401541;raluca.podeanu;
35;mom2020401541;pascal_nduwayezu;innocentmugabe;
36;oceanepaola;fratesem03;yulusichka;
37;pascal_nduwayezu;saunaberloga.kazan;gitaremugabo;
38;fratesem03;snegir_kazan;lucia.santorini;
39;mpirwagitare;christy_kiry;ngabo_regis;
40;saunaberloga.kazan;tilicheeva;justincyubahiro_13;
41;snegir_kazan;dom_rozhdestvenskaya;gatesianitha;
42;regine_nrv;fabricenizeyimana;muvunyi_nga;
43;christy_kiry;amaliia8001;ganiev_ilnaz;
44;gitarefreddy;prosperhabineza;oceanepaola;
45;tilicheeva;top_hillz_entertainment_ltd;umuraza_desange;
46;dom_rozhdestvenskaya;rugira_yves;elen_seo;
47;fabricenizeyimana;sammykayonga0000;vkaser;
48;amaliia8001;deepika.ch;mpirwagitare;
49;prosperhabineza;jnkarega;adel.al.shakirov;
50;top_hillz_entertainment_ltd;deboraumwiza;lizkasn;
51;rugira_yves;restoran_kzn;jaswanth_s;
52;sammykayonga0000;shimwa_gustavo;theo_wanyirigira;
53;deepika.ch;pmakombe90;iam_kan_manzi;
54;jnkarega;gerard.ndayambaje.79;ngogaalice;
55;deboraumwiza;love_story_for_sure;;
56;clovis_dengo;bizifide1;;
57;restoran_kzn;muhireel;;
58;shimwa_gustavo;yuhipatrick;;
59;pmakombe90;hderichlet;;
60;gerard.ndayambaje.79;aumuhoza;;
61;love_story_for_sure;mikronaushnikivsaranske;;
62;bizifide1;agamsid9639;;
63;muhireel;melinamatabishi;;
64;yuhipatrick;vedaste11;;
65;hderichlet;liana_trener;;
66;aumuhoza;murekeyimanaadelin;;
67;mikronaushnikivsaranske;sukhpreetsingh2018;;
68;agamsid9639;tuyiringirepatrick;;
69;melinamatabishi;ndatimana336;;
70;vedaste11;mallurakumar;;
71;liana_trener;niyonzima_dieudonne;;
72;murekeyimanaadelin;_arendakzn_;;
73;adel.al.shakirov;nmokhnatkin;;
74;sukhpreetsingh2018;nizeyimanagerard;;
75;tuyiringirepatrick;ranguvamshi;;
76;ndatimana336;edmond_karangwa;;
77;mallurakumar;munyangabire;;
78;niyonzima_dieudonne;umuhoza484;;
79;_arendakzn_;uwiringiyimana.s;;
80;gitarenshimiye;khalimova_make_up_botox;;
81;nmokhnatkin;marcelogasigwa;;
82;nizeyimanagerard;harerimanaeric02;;
83;ranguvamshi;elpmidnel;;
84;edmond_karangwa;toomkuntasaikumarreddy;;
85;munyangabire;red_blask;;
86;umuhoza484;k.r.devika;;
87;uwiringiyimana.s;alexkrimi;;
88;khalimova_make_up_botox;shubhamgpt251;;
89;marcelogasigwa;hopeclementon;;
90;shematkf;axelmanzi;;
91;harerimanaeric02;pacifiqueishimwe;;
92;elpmidnel;thehakizimana;;
93;toomkuntasaikumarreddy;irakshit;;
94;red_blask;nz_uwase_bbe;;
95;k.r.devika;sanathakur12;;
96;alexkrimi;hodaribadaga;;
97;shubhamgpt251;tuyikujack;;
98;hopeclementon;niyonzima.james;;
99;axelmanzi;ntwalihyl;;
100;pacifiqueishimwe;proust_ma;;
101;thehakizimana;liaainut;;
102;irakshit;prince_jhally;;
103;nz_uwase_bbe;etiennehabimana;;
104;sanathakur12;therealjazmin25;;
105;hodaribadaga;urs_akash00001;;
106;tuyikujack;mo_haoran;;
107;iam_kan_manzi;sammykayonga;;
108;niyonzima.james;theogenengirinshuti;;
109;ntwalihyl;sandeep0612.sk;;
110;proust_ma;lamberttwagirimana;;
111;ms.overparticular;mbgkavuboy;;
112;liaainut;alininurieva;;
113;protskoekaterina;space.chess;;
114;prince_jhally;mashejajoycole;;
115;tkariclook;quadrotura;;
116;etiennehabimana;aime_cliff;;
117;therealjazmin25;tanya_nikole;;
118;urs_akash00001;raskrutka_v_kazani;;
119;mo_haoran;kayaim2;;
120;sammykayonga;cocoge20;;
121;theogenengirinshuti;abasmith;;
122;sandeep0612.sk;hantovicento;;
123;lamberttwagirimana;manilafashachristia;;
124;mbgkavuboy;musoni_67;;
125;alininurieva;ramka_mir_fantazi;;
126;space.chess;ktscates;;
127;mashejajoycole;jesse_devaroi;;
128;quadrotura;girafanny;;
129;aime_cliff;vadim___85;;
130;tanya_nikole;tuyikunde3;;
131;raskrutka_v_kazani;ndayishimiye01;;
132;kayaim2;mutimaanaclet;;
133;cocoge20;gasigwa_ange_ingabire;;
134;abasmith;boneduw;;
135;hantovicento;uwamahoro_esperance;;
136;ganiev_ilnaz;julesck1;;
137;manilafashachristia;afrika_prudence;;
138;musoni_67;maximilians.kzn;;
139;ramka_mir_fantazi;ngabopasteur;;
140;ktscates;nzarambaa;;
141;jesse_devaroi;videomafoon;;
142;girafanny;bisetsa;;
143;vadim___85;kudryashka_keratin_kzn08;;
144;tuyikunde3;an_sara;;
145;fabulouss23;storksgirl;;
146;ndayishimiye01;hemid_ferid;;
147;mutimaanaclet;aimehyl;;
148;gasigwa_ange_ingabire;ngenziigor;;
149;boneduw;rajsaint;;
150;uwamahoro_esperance;aboniyojo;;
151;julesck1;kudryashka_keratin_kzn12;;
152;afrika_prudence;ericbagenzi;;
153;maximilians.kzn;trustedoctors;;
154;ngabopasteur;the_ocean5;;
155;nzarambaa;willyngend2021;;
156;videomafoon;mamanlucie;;
157;bisetsa;didier_cassandro;;
158;kudryashka_keratin_kzn08;flora_uwamahoro;;
159;an_sara;sweetuniquemadhuri040396;;
160;storksgirl;ilfat.mind;;
161;hemid_ferid;makopatrick12gmail;;
162;aimehyl;thierry_wm;;
163;ngenziigor;steviebright;;
164;rajsaint;shery.akinyi;;
165;aboniyojo;kudryashka_keratin_kzn26;;
166;kudryashka_keratin_kzn12;lilyanumulisa;;
167;ericbagenzi;leonfido;;
168;trustedoctors;prnc_shvff1;;
169;the_ocean5;bismarckgotzen;;
170;lizkasn;makombepatrik90;;
171;willyngend2021;gisa701;;
172;mamanlucie;bene_dico_ltd;;
173;didier_cassandro;fistonkabenga;;
174;flora_uwamahoro;himhird2;;
175;florent_250;sexy_sugar_queen;;
176;sweetuniquemadhuri040396;boscoberry55;;
177;kananua_lynda_gentille;aravind_reddy3399;;
178;ilfat.mind;lasser_om;;
179;makopatrick12gmail;louiskalisa;;
180;thierry_wm;sachin_584;;
181;steviebright;barutaespe;;
182;shery.akinyi;quest_kids_kazan;;
183;kudryashka_keratin_kzn26;benjaminthesean;;
184;lilyanumulisa;duseke_ntamususu_page;;
185;leonfido;mucyojoy2015;;
186;vanishmax;jogendramanikumar;;
187;prnc_shvff1;habimanarafiki;;
188;bismarckgotzen;kord_contact_linza;;
189;makombepatrik90;ayinkamiyehadidja;;
190;gisa701;hayat1394;;
191;garaev__ruslan;deepdx2020;;
192;bene_dico_ltd;ukuriverite;;
193;fistonkabenga;hydaspecedron;;
194;himhird2;mimy_gigy_ciachris;;
195;sexy_sugar_queen;frontwise;;
196;boscoberry55;nshimiyimana_jeanbosco;;
197;aravind_reddy3399;barkha.7;;
198;lasser_om;kasuku_media_africa;;
199;louiskalisa;ikea.yelabuga;;
200;sachin_584;hungurimana;;
201;barutaespe;karanprajapati193;;
202;quest_kids_kazan;tessiaudrey;;
203;benjaminthesean;fike_93;;
204;duseke_ntamususu_page;tuyishimealex503;;
205;mucyojoy2015;makombepatr;;
206;jogendramanikumar;coutinho_almel;;
207;habimanarafiki;delphibooooo;;
208;jaswanth_s;manifazzo_fastzzo;;
209;umuraza_desange;daniel_atonge;;
210;kord_contact_linza;wowalia;;
211;ayinkamiyehadidja;abanda_obie;;
212;hayat1394;kawalsingh26;;
213;ngogaalice;milya_rai;;
214;deepdx2020;diamond_nails_kzn;;
215;ukuriverite;bogale_2016;;
216;hydaspecedron;anges_dee_jolie;;
217;mimy_gigy_ciachris;landryin;;
218;frontwise;rmaurice22;;
219;nshimiyimana_jeanbosco;mwizerwawivine;;
220;barkha.7;rex_brave;;
221;kasuku_media_africa;willy_ingabire;;
222;ikea.yelabuga;iganix;;
223;hungurimana;your.style.shopping;;
224;karanprajapati193;4ukaev;;
225;tessiaudrey;akangabire;;
226;fike_93;charlene.ange;;
227;tuyishimealex503;patientbigirimana;;
228;makombepatr;tuyizereeric;;
229;coutinho_almel;ros_samie;;
230;delphibooooo;ahirwa;;
231;manifazzo_fastzzo;yoedzer;;
232;daniel_atonge;aka_banjaara;;
233;lucia.santorini;padirievariste;;
234;wowalia;rasan_s;;
235;abanda_obie;denyuwera;;
236;kawalsingh26;c0una;;
237;milya_rai;manairafasha;;
238;diamond_nails_kzn;mestarchris;;
239;bogale_2016;olivis01;;
240;anges_dee_jolie;kajujamignone;;
241;landryin;ishimwemuhoza.irenee;;
242;rmaurice22;oasiskzn;;
243;mwizerwawivine;kawalsahi;;
244;rex_brave;musonerambaya;;
245;willy_ingabire;snduma55;;
246;iganix;rukundojeande;;
247;your.style.shopping;mahidharsupreem;;
248;4ukaev;shaffi250;;
249;akangabire;niwemuge;;
250;charlene.ange;jojowilson06yahoo.fr;;
251;patientbigirimana;venustebyambi;;
252;tuyizereeric;gulnarsagitova;;
253;ros_samie;kazenezachris;;
254;ahirwa;sergiomutuye;;
255;yoedzer;rraju.reddy;;
256;aka_banjaara;sunny_jhally;;
257;padirievariste;vipin76966;;
258;rasan_s;iam_abbadaco;;
259;denyuwera;umurazadesy;;
260;c0una;yobokangoga;;
261;yulusichka;mohit_singj;;
262;manairafasha;angelinaabdulmanova;;
263;mestarchris;danilamaster14k;;
264;olivis01;claude_kivuye;;
265;kajujamignone;vivine291;;
266;ishimwemuhoza.irenee;emmy_sindayigaya12.02.2006;;
267;oasiskzn;florah_fashion_shop;;
268;kawalsahi;ejoi2018greeks;;
269;ngabo_regis;jonathan_johny_k;;
270;musonerambaya;paul.rajrishi;;
271;snduma55;akashsharma0808;;
272;rukundojeande;joel_guetta;;
273;mahidharsupreem;ppeacetogether;;
274;shaffi250;didan_dyy;;
275;vkaser;safariaugustin;;
276;niwemuge;sunkaribhumesh;;
277;jojowilson06yahoo.fr;kwizera_patrick;;
278;julioreis22;umurazadesos;;
279;venustebyambi;nirere_pascal;;
280;kotenok678;yves_bruno;;
281;gulnarsagitova;muhiregustave;;
282;kazenezachris;crodra;;
283;sergiomutuye;gentille.umutoni;;
284;rraju.reddy;toyskazan116;;
285;sunny_jhally;comments_up;;
286;vipin76966;celebrate_freedom;;
287;iam_abbadaco;mukoste;;
288;umurazadesy;bimupat;;
289;yobokangoga;muli1782;;
290;mohit_singj;fearlessrajput.raunak;;
291;angelinaabdulmanova;elie.nshimirimana;;
292;danilamaster14k;isaiah_r.jr;;
293;claude_kivuye;mugishadmug;;
294;vivine291;frank_ntare;;
295;emmy_sindayigaya12.02.2006;kerotrub;;
296;florah_fashion_shop;kiblalamar;;
297;ejoi2018greeks;vianneymahanga;;
298;jonathan_johny_k;cyizamihigo;;
299;paul.rajrishi;johnpi20;;
300;akashsharma0808;tesi.audrey;;
301;joel_guetta;uwizeyedinah;;
302;ppeacetogether;cuupcaake1;;
303;elen_seo;bushishi_kiligi_thierry;;
304;didan_dyy;munyaruginga;;
305;safariaugustin;ankeshmahakal;;
306;sunkaribhumesh;fshyaka;;
307;kwizera_patrick;ndayishimiye_2020;;
308;umurazadesos;umuhoza4845;;
309;nirere_pascal;vipin85740;;
310;yves_bruno;ekvadorsaransk;;
311;muhiregustave;kayirangaaima;;
312;crodra;xjoniya711;;
313;gentille.umutoni;dream_color_inno;;
314;toyskazan116;mbonerasme;;
315;comments_up;gazizyernur;;
316;celebrate_freedom;sinedd404_jp_official;;
317;mukoste;ntezimanabosco;;
318;bimupat;bilawal143;;
319;muli1782;cyprus_olympiad_in_informatics;;
320;fearlessrajput.raunak;iyibukiro_chris;;
321;elie.nshimirimana;monalisa_oct;;
322;isaiah_r.jr;sankarajhn;;
323;mugishadmug;pdas220993;;
324;frank_ntare;manishmaurya8437;;
325;kerotrub;restaurant_kzn;;
326;kiblalamar;kirankumarreddy_0202;;
327;vianneymahanga;kezaalbert;;
328;raluca.podeanu;wilfreddickison;;
329;cyizamihigo;kristel_keyzah;;
330;johnpi20;ravi9041yadav;;
331;tesi.audrey;onezprince;;
332;uwizeyedinah;msoj1222;;
333;cuupcaake1;buy250;;
334;bushishi_kiligi_thierry;patcho.ndaba;;
335;munyaruginga;hodari15;;
336;ankeshmahakal;phn_mayor;;
337;fshyaka;azmatalimir;;
338;ndayishimiye_2020;olivierngoga7;;
339;muvunyi_nga;dixit.aditya;;
340;umuhoza4845;antropov116;;
341;vipin85740;eddynpierre;;
342;ekvadorsaransk;jeannepomaliyamungu;;
343;kayirangaaima;jyoti_joshi;;
344;xjoniya711;ben_ngabonziza;;
345;dream_color_inno;hashakimanajeanbos;;
346;mbonerasme;irizya_khysnyllina;;
347;gazizyernur;jeiciradukunda;;
348;sinedd404_jp_official;official_charlotte_flair;;
349;ntezimanabosco;hirwadama;;
350;bilawal143;official_jackson_dadoey;;
351;cyprus_olympiad_in_informatics;emmanuelnzayisenga;;
352;iyibukiro_chris;bisanukuriluckymoses;;
353;monalisa_oct;braggart_nch;;
354;sankarajhn;nshutiyase_kamanzi;;
355;pdas220993;diane.tohni;;
356;manishmaurya8437;harsha799;;
357;restaurant_kzn;ramix_ru;;
358;kirankumarreddy_0202;simplice_wi_kigali_rwanda;;
359;kezaalbert;thegloriousgym;;
360;wilfreddickison;lawinch;;
361;gitaremugabo;delphin08;;
362;kristel_keyzah;quizera;;
363;ravi9041yadav;hedgehog_ni_;;
364;onezprince;kouakoumanuted;;
365;msoj1222;shankar_33.0;;
366;buy250;alainmusanandagije;;
367;patcho.ndaba;jessica_m_fy_ar_m;;
368;hodari15;kepkibabki;;
369;phn_mayor;inezahb;;
370;azmatalimir;millyhonorine;;
371;olivierngoga7;rizzolis74;;
372;dixit.aditya;makombepatrik;;
373;antropov116;mevikashgupta;;
374;eddynpierre;tuyishimeoli;;
375;jeannepomaliyamungu;hellongoga;;
376;jyoti_joshi;blesk_keratin_surgutb;;
377;ben_ngabonziza;bimenyimanaferd;;
378;hashakimanajeanbos;kenzoadro;;
379;irizya_khysnyllina;g.kagame;;
380;jeiciradukunda;kudryashka_keratin_kzn11;;
381;official_charlotte_flair;tartur777;;
382;hirwadama;vladimiryann;;
383;official_jackson_dadoey;harpreetnarinderteg;;
384;emmanuelnzayisenga;jatinder6937;;
385;bisanukuriluckymoses;murekatetebryan;;
386;braggart_nch;benline25;;
387;nshutiyase_kamanzi;tuyikundepacifique;;
388;diane.tohni;gajunargisse;;
389;harsha799;muhirepatrick;;
390;ramix_ru;nmugabo_patrick;;
391;simplice_wi_kigali_rwanda;sukuclemence;;
392;thegloriousgym;nataliya_1911;;
393;matabishimelina;ndatimana3366;;
394;lawinch;kevintntwari1;;
395;delphin08;gottipati_srikanth;;
396;spryffee;umuhozamariam;;
397;quizera;niyigena.emmanuel.75;;
398;hedgehog_ni_;iam.dharmveer;;
399;caryn_ingabe;bors1k;;
400;kabeluc;wally_pascal;;
401;kouakoumanuted;innopolis_sport;;
402;shankar_33.0;heroguys.yahay;;
403;alainmusanandagije;shalomjunior1;;
404;jessica_m_fy_ar_m;naushnik116;;
405;kepkibabki;bonifacekgl;;
406;inezahb;kayijukarobert;;
407;millyhonorine;velarturizm;;
408;rizzolis74;alicenatura;;
409;makombepatrik;niyo_placidius;;
410;mevikashgupta;uwajenezaclaudine;;
411;tuyishimeoli;ngoga.olivier;;
412;hellongoga;angelshop_0783574640;;
413;blesk_keratin_surgutb;ntwari_tubi;;
414;bimenyimanaferd;micker.john;;
415;kenzoadro;dj_bob_pages;;
416;g.kagame;color_laboratorykzn;;
417;kudryashka_keratin_kzn11;kazan_xiaomi;;
418;tartur777;skbeingsalmanss2;;
419;vladimiryann;r_john2014;;
420;harpreetnarinderteg;kayonga_alice;;
421;jatinder6937;denyfaustin;;
422;murekatetebryan;lavarou_sophie;;
423;benline25;ortega_jp;;
424;udeogratias;rajrishipaul;;
425;tuyikundepacifique;sai_srt100;;
426;gajunargisse;umwali.nana;;
427;muhirepatrick;priya_.singh;;
428;nmugabo_patrick;sathishchandy;;
429;sukuclemence;odam01;;
430;nataliya_1911;kazasy11;;
431;ndatimana3366;plantationsaransk;;
432;kevintntwari1;tatardizain;;
433;gottipati_srikanth;niyonzima_warwanda;;
434;umuhozamariam;prabhakar_prabha6;;
435;niyigena.emmanuel.75;mugishasalomon;;
436;swatime_gha;purpletiger_tae;;
437;iam.dharmveer;bizimana39;;
438;bors1k;nshimiyimanajeanfrancois;;
439;wally_pascal;lali_sahi;;
440;innopolis_sport;ngirijaphet04yahoo.fr;;
441;heroguys.yahay;ndindiriyimana;;
442;shalomjunior1;gracekarasira;;
443;justincyubahiro_13;boks_elabuga;;
444;naushnik116;hirwa_official;;
445;bonifacekgl;gerdnize;;
446;kayijukarobert;nshimiye.jean;;
447;velarturizm;dj_b.o.b_kigali;;
448;alicenatura;obedtumaini;;
449;niyo_placidius;nshimirimanahubert;;
450;uwajenezaclaudine;seno_easy_and_posssible;;
451;ngoga.olivier;ndatimana10;;
452;angelshop_0783574640;jojowilson06;;
453;ntwari_tubi;bajos250;;
454;gitarekarangwa;ehaganjimana;;
455;micker.john;riga_08;;
456;dj_bob_pages;richardmon8758;;
457;leisankin1;makpmbe;;
458;yuriy.dyuster;singh_1314;;
459;color_laboratorykzn;magnifiquehakizimana;;
460;kazan_xiaomi;kantab6;;
461;skbeingsalmanss2;n.ryazanova;;
462;julienzayn;nmugabopatrick;;
463;r_john2014;nsengayezu;;
464;kayonga_alice;arijit2409;;
465;denyfaustin;gilbertmfuranziza;;
466;lavarou_sophie;magalmus;;
467;ortega_jp;countlord428;;
468;rajrishipaul;nishusahi;;
469;sai_srt100;diamond44_precious;;
470;umwali.nana;manirafashaa;;
471;priya_.singh;ndayisengakid;;
472;sathishchandy;theophilesaidia;;
473;odam01;nzuemmanuel;;
474;kazasy11;4k_memory;;
475;gatesianitha;harish_in;;
476;plantationsaransk;niyobugingophilippe;;
477;tatardizain;mugabeinnocent;;
478;niyonzima_warwanda;regalo_chris;;
479;prabhakar_prabha6;fotofony_v_kazani;;
480;mugishasalomon;rosangele___250;;
481;purpletiger_tae;leonardmukiza;;
482;bizimana39;kagoma250;;
483;nshimiyimanajeanfrancois;jacksonsonga75;;
484;lali_sahi;francoisedusabima_m.siglah;;
485;ngirijaphet04yahoo.fr;nyombayire2035;;
486;ndindiriyimana;pacificawilly;;
487;gracekarasira;djbob250;;
488;boks_elabuga;natella_official_;;
489;hirwa_official;nsengiyumvay;;
490;gerdnize;nishaaa_kang;;
491;nshimiye.jean;royalcafe.kzn;;
492;dj_b.o.b_kigali;jecolia.p;;
493;obedtumaini;ndayishimiye7823;;
494;nshimirimanahubert;vanpilote;;
495;seno_easy_and_posssible;niyigaba_ernest;;
496;kan__paccy__;;;
497;ndatimana10;;;
498;anas.iskhakov;;;
499;jojowilson06;;;
500;innocentmugabe;;;
501;bajos250;;;
502;ehaganjimana;;;
503;riga_08;;;
504;richardmon8758;;;
505;makpmbe;;;
506;singh_1314;;;
507;magnifiquehakizimana;;;
508;kantab6;;;
509;n.ryazanova;;;
510;nmugabopatrick;;;
511;nsengayezu;;;
512;theo_wanyirigira;;;
513;arijit2409;;;
514;gilbertmfuranziza;;;
515;magalmus;;;
516;countlord428;;;
517;nishusahi;;;
518;diamond44_precious;;;
519;manirafashaa;;;
520;ndayisengakid;;;
521;taj_ad_din;;;
522;dilyara.akhsanova;;;
523;theophilesaidia;;;
524;nzuemmanuel;;;
525;4k_memory;;;
526;harish_in;;;
527;niyobugingophilippe;;;
528;mugabeinnocent;;;
529;regalo_chris;;;
530;fotofony_v_kazani;;;
531;rosangele___250;;;
532;leonardmukiza;;;
533;kagoma250;;;
534;jacksonsonga75;;;
535;francoisedusabima_m.siglah;;;
536;nyombayire2035;;;
537;pacificawilly;;;
538;djbob250;;;
539;natella_official_;;;
540;nsengiyumvay;;;
541;nishaaa_kang;;;
542;royalcafe.kzn;;;
543;jecolia.p;;;
544;ndayishimiye7823;;;
545;vanpilote;;;
546;niyigaba_ernest;;;
